{"cameraMode":{"drawMode":0,"name":"Shaded","section":"Shading Mode"},"sceneLighting":true,"audioPlay":false,"sceneViewState":{"m_AlwaysRefresh":false,"showFog":true,"showSkybox":true,"showFlares":true,"showImageEffects":true,"showParticleSystems":true,"showVisualEffectGraphs":true,"m_FxEnabled":true},"in2DMode":false,"pivot":{"x":-0.2339954376220703,"y":0.4966837167739868,"z":3.399827003479004},"rotation":{"x":-0.049117714166641238,"y":-0.6872693300247192,"z":0.046675149351358417,"w":-0.7232372760772705},"size":5.634067535400391,"orthographic":false}